{
  "programs": [
    "mul(hl_range, hl_range)",
    "mul(co_range, co_range)",
    "mul(mul(hl_range, hl_range), hl_range)",
    "mul(co_range, co_range)",
    "mul(hl_range, hl_range)",
    "mul(co_range, ret_5)",
    "mul(co_range, co_range)",
    "mul(co_range, ret_5)",
    "mul(co_range, ret_1)",
    "mul(hl_range, hl_range)"
  ],
  "ics": [
    0.00878987605773556,
    0.030003346662329032,
    0.0011147996518598073,
    0.030003346662329032,
    0.00878987605773556,
    0.03778346871094628,
    0.030003346662329032,
    0.03778346871094628,
    0.020706141685707703,
    0.00878987605773556
  ],
  "sharpes": [
    0.012575899947514445,
    0.6898564979858709,
    -0.13782282455655437,
    0.6898564979858709,
    0.012575899947514445,
    0.8910647208753469,
    0.6898564979858709,
    0.8910647208753469,
    0.4354586267540433,
    0.012575899947514445
  ],
  "mean_ic": 0.021376754691965386,
  "mean_sharpe": 0.4187062437748339,
  "best_sharpe": 0.8910647208753469,
  "mean_pairwise_corr": 0.5838239156687294,
  "median_pairwise_corr": 0.6113930938748203,
  "n_unique_programs": 5
}